timestamp,scenario_id,step_index,source,co2_ppm,temperature_c,humidity_percent,person_count,vision_confidence,fan,window
2026-06-16T15:56:31.536038+00:00,lab_overcrowded_high_co2,0,reset,780,27.8,61,8,0.84,OFF,CLOSED
2026-06-16T15:56:31.542176+00:00,lab_overcrowded_high_co2,1,step,980,28.4,64,18,0.83,OFF,CLOSED
2026-06-16T15:56:31.545493+00:00,lab_overcrowded_high_co2,1,manual_update,1850.0,28.4,64,35,0.82,OFF,CLOSED
2026-06-17T15:55:24.675584+00:00,lab_overcrowded_high_co2,0,reset,780,27.8,61,8,0.84,OFF,CLOSED
2026-06-17T15:55:24.701118+00:00,lab_overcrowded_high_co2,1,step,980,28.4,64,18,0.83,OFF,CLOSED
2026-06-17T15:55:24.714351+00:00,lab_overcrowded_high_co2,1,manual_update,1850.0,28.4,64,35,0.82,OFF,CLOSED
2026-06-17T15:56:14.929671+00:00,lab_overcrowded_high_co2,0,reset,780,27.8,61,8,0.84,OFF,CLOSED
2026-06-17T15:57:39.921020+00:00,lab_overcrowded_high_co2,0,reset,780,27.8,61,8,0.84,OFF,CLOSED
2026-06-17T15:57:48.753261+00:00,lab_overcrowded_high_co2,1,step,980,28.4,64,18,0.83,OFF,CLOSED
2026-06-17T15:57:49.683562+00:00,lab_overcrowded_high_co2,2,step,1280,29.6,67,28,0.82,OFF,CLOSED
2026-06-17T15:57:50.515502+00:00,lab_overcrowded_high_co2,3,step,1680,31.4,72,38,0.82,OFF,CLOSED
2026-06-17T15:58:17.781010+00:00,lab_overcrowded_high_co2,0,reset,780,27.8,61,8,0.84,OFF,CLOSED
2026-06-17T15:58:19.785633+00:00,lab_overcrowded_high_co2,1,step,980,28.4,64,18,0.83,OFF,CLOSED
2026-06-17T15:58:21.790615+00:00,lab_overcrowded_high_co2,2,step,1280,29.6,67,28,0.82,OFF,CLOSED
2026-06-17T15:58:23.793486+00:00,lab_overcrowded_high_co2,3,step,1680,31.4,72,38,0.82,OFF,CLOSED
2026-06-17T15:58:25.796982+00:00,lab_overcrowded_high_co2,4,step,2100,33.0,76,40,0.8,OFF,CLOSED
2026-06-17T15:58:27.802143+00:00,lab_overcrowded_high_co2,0,step,780,27.8,61,8,0.84,OFF,CLOSED
2026-06-17T15:58:29.806860+00:00,lab_overcrowded_high_co2,1,step,980,28.4,64,18,0.83,OFF,CLOSED
2026-06-17T15:58:31.808353+00:00,lab_overcrowded_high_co2,2,step,1280,29.6,67,28,0.82,OFF,CLOSED
2026-06-17T15:58:33.811058+00:00,lab_overcrowded_high_co2,3,step,1680,31.4,72,38,0.82,OFF,CLOSED
2026-06-17T15:58:35.813437+00:00,lab_overcrowded_high_co2,4,step,2100,33.0,76,40,0.8,OFF,CLOSED
2026-06-17T15:58:37.816149+00:00,lab_overcrowded_high_co2,0,step,780,27.8,61,8,0.84,OFF,CLOSED
2026-06-17T15:58:39.820597+00:00,lab_overcrowded_high_co2,1,step,980,28.4,64,18,0.83,OFF,CLOSED
2026-06-17T15:58:41.823326+00:00,lab_overcrowded_high_co2,2,step,1280,29.6,67,28,0.82,OFF,CLOSED
2026-06-17T15:58:43.825533+00:00,lab_overcrowded_high_co2,3,step,1680,31.4,72,38,0.82,OFF,CLOSED
2026-06-17T15:58:45.828309+00:00,lab_overcrowded_high_co2,4,step,2100,33.0,76,40,0.8,OFF,CLOSED
2026-06-17T15:58:47.832408+00:00,lab_overcrowded_high_co2,0,step,780,27.8,61,8,0.84,OFF,CLOSED
2026-06-17T15:58:49.835531+00:00,lab_overcrowded_high_co2,1,step,980,28.4,64,18,0.83,OFF,CLOSED
2026-06-17T15:58:51.837512+00:00,lab_overcrowded_high_co2,2,step,1280,29.6,67,28,0.82,OFF,CLOSED
2026-06-17T15:58:53.841966+00:00,lab_overcrowded_high_co2,3,step,1680,31.4,72,38,0.82,OFF,CLOSED
2026-06-17T15:58:55.845841+00:00,lab_overcrowded_high_co2,4,step,2100,33.0,76,40,0.8,OFF,CLOSED
2026-06-17T15:58:57.849267+00:00,lab_overcrowded_high_co2,0,step,780,27.8,61,8,0.84,OFF,CLOSED
2026-06-17T15:58:59.852458+00:00,lab_overcrowded_high_co2,1,step,980,28.4,64,18,0.83,OFF,CLOSED
2026-06-17T15:59:01.858074+00:00,lab_overcrowded_high_co2,2,step,1280,29.6,67,28,0.82,OFF,CLOSED
2026-06-17T15:59:03.861618+00:00,lab_overcrowded_high_co2,3,step,1680,31.4,72,38,0.82,OFF,CLOSED
2026-06-17T15:59:05.864580+00:00,lab_overcrowded_high_co2,4,step,2100,33.0,76,40,0.8,OFF,CLOSED
2026-06-17T15:59:07.868099+00:00,lab_overcrowded_high_co2,0,step,780,27.8,61,8,0.84,OFF,CLOSED
2026-06-17T15:59:09.871622+00:00,lab_overcrowded_high_co2,1,step,980,28.4,64,18,0.83,OFF,CLOSED
2026-06-17T15:59:11.875266+00:00,lab_overcrowded_high_co2,2,step,1280,29.6,67,28,0.82,OFF,CLOSED
2026-06-17T15:59:13.878424+00:00,lab_overcrowded_high_co2,3,step,1680,31.4,72,38,0.82,OFF,CLOSED
2026-06-17T15:59:15.882635+00:00,lab_overcrowded_high_co2,4,step,2100,33.0,76,40,0.8,OFF,CLOSED
2026-06-17T15:59:17.887811+00:00,lab_overcrowded_high_co2,0,step,780,27.8,61,8,0.84,OFF,CLOSED
2026-06-17T15:59:19.890487+00:00,lab_overcrowded_high_co2,1,step,980,28.4,64,18,0.83,OFF,CLOSED
2026-06-17T15:59:21.893488+00:00,lab_overcrowded_high_co2,2,step,1280,29.6,67,28,0.82,OFF,CLOSED
2026-06-17T15:59:23.897960+00:00,lab_overcrowded_high_co2,3,step,1680,31.4,72,38,0.82,OFF,CLOSED
2026-06-17T15:59:25.902106+00:00,lab_overcrowded_high_co2,4,step,2100,33.0,76,40,0.8,OFF,CLOSED
2026-06-17T15:59:27.907532+00:00,lab_overcrowded_high_co2,0,step,780,27.8,61,8,0.84,OFF,CLOSED
2026-06-17T15:59:29.910539+00:00,lab_overcrowded_high_co2,1,step,980,28.4,64,18,0.83,OFF,CLOSED
2026-06-17T15:59:31.912871+00:00,lab_overcrowded_high_co2,2,step,1280,29.6,67,28,0.82,OFF,CLOSED
2026-06-17T15:59:33.916150+00:00,lab_overcrowded_high_co2,3,step,1680,31.4,72,38,0.82,OFF,CLOSED
2026-06-17T15:59:35.920662+00:00,lab_overcrowded_high_co2,4,step,2100,33.0,76,40,0.8,OFF,CLOSED
2026-06-17T15:59:37.923470+00:00,lab_overcrowded_high_co2,0,step,780,27.8,61,8,0.84,OFF,CLOSED
2026-06-17T15:59:39.926362+00:00,lab_overcrowded_high_co2,1,step,980,28.4,64,18,0.83,OFF,CLOSED
2026-06-17T15:59:41.930261+00:00,lab_overcrowded_high_co2,2,step,1280,29.6,67,28,0.82,OFF,CLOSED
2026-06-17T15:59:43.933774+00:00,lab_overcrowded_high_co2,3,step,1680,31.4,72,38,0.82,OFF,CLOSED
2026-06-17T15:59:45.936119+00:00,lab_overcrowded_high_co2,4,step,2100,33.0,76,40,0.8,OFF,CLOSED
2026-06-17T15:59:47.937518+00:00,lab_overcrowded_high_co2,0,step,780,27.8,61,8,0.84,OFF,CLOSED
2026-06-17T15:59:49.940963+00:00,lab_overcrowded_high_co2,1,step,980,28.4,64,18,0.83,OFF,CLOSED
2026-06-17T15:59:51.943439+00:00,lab_overcrowded_high_co2,2,step,1280,29.6,67,28,0.82,OFF,CLOSED
2026-06-17T15:59:53.947875+00:00,lab_overcrowded_high_co2,3,step,1680,31.4,72,38,0.82,OFF,CLOSED
2026-06-17T15:59:55.951129+00:00,lab_overcrowded_high_co2,4,step,2100,33.0,76,40,0.8,OFF,CLOSED
2026-06-17T15:59:57.953655+00:00,lab_overcrowded_high_co2,0,step,780,27.8,61,8,0.84,OFF,CLOSED
2026-06-17T15:59:59.956665+00:00,lab_overcrowded_high_co2,1,step,980,28.4,64,18,0.83,OFF,CLOSED
2026-06-17T16:00:01.959779+00:00,lab_overcrowded_high_co2,2,step,1280,29.6,67,28,0.82,OFF,CLOSED
2026-06-17T16:00:03.963050+00:00,lab_overcrowded_high_co2,3,step,1680,31.4,72,38,0.82,OFF,CLOSED
2026-06-17T16:00:05.965909+00:00,lab_overcrowded_high_co2,4,step,2100,33.0,76,40,0.8,OFF,CLOSED
2026-06-17T16:00:07.968774+00:00,lab_overcrowded_high_co2,0,step,780,27.8,61,8,0.84,OFF,CLOSED
2026-06-17T16:00:09.971595+00:00,lab_overcrowded_high_co2,1,step,980,28.4,64,18,0.83,OFF,CLOSED
2026-06-17T16:00:11.977251+00:00,lab_overcrowded_high_co2,2,step,1280,29.6,67,28,0.82,OFF,CLOSED
2026-06-17T16:00:13.980706+00:00,lab_overcrowded_high_co2,3,step,1680,31.4,72,38,0.82,OFF,CLOSED
2026-06-17T16:00:15.985299+00:00,lab_overcrowded_high_co2,4,step,2100,33.0,76,40,0.8,OFF,CLOSED
2026-06-17T16:00:17.988247+00:00,lab_overcrowded_high_co2,0,step,780,27.8,61,8,0.84,OFF,CLOSED
2026-06-17T16:00:19.991342+00:00,lab_overcrowded_high_co2,1,step,980,28.4,64,18,0.83,OFF,CLOSED
2026-06-17T16:00:21.995424+00:00,lab_overcrowded_high_co2,2,step,1280,29.6,67,28,0.82,OFF,CLOSED
2026-06-17T16:00:23.998677+00:00,lab_overcrowded_high_co2,3,step,1680,31.4,72,38,0.82,OFF,CLOSED
2026-06-17T16:00:26.001903+00:00,lab_overcrowded_high_co2,4,step,2100,33.0,76,40,0.8,OFF,CLOSED
2026-06-17T16:00:28.006001+00:00,lab_overcrowded_high_co2,0,step,780,27.8,61,8,0.84,OFF,CLOSED
2026-06-17T16:00:30.009288+00:00,lab_overcrowded_high_co2,1,step,980,28.4,64,18,0.83,OFF,CLOSED
2026-06-17T16:00:32.012979+00:00,lab_overcrowded_high_co2,2,step,1280,29.6,67,28,0.82,OFF,CLOSED
2026-06-17T16:00:34.017531+00:00,lab_overcrowded_high_co2,3,step,1680,31.4,72,38,0.82,OFF,CLOSED
2026-06-17T16:00:36.020876+00:00,lab_overcrowded_high_co2,4,step,2100,33.0,76,40,0.8,OFF,CLOSED
2026-06-17T16:00:38.024691+00:00,lab_overcrowded_high_co2,0,step,780,27.8,61,8,0.84,OFF,CLOSED
2026-06-17T16:00:40.033715+00:00,lab_overcrowded_high_co2,1,step,980,28.4,64,18,0.83,OFF,CLOSED
2026-06-17T16:00:42.036749+00:00,lab_overcrowded_high_co2,2,step,1280,29.6,67,28,0.82,OFF,CLOSED
2026-06-17T16:00:44.041002+00:00,lab_overcrowded_high_co2,3,step,1680,31.4,72,38,0.82,OFF,CLOSED
2026-06-17T16:00:46.044676+00:00,lab_overcrowded_high_co2,4,step,2100,33.0,76,40,0.8,OFF,CLOSED
2026-06-17T16:00:48.047979+00:00,lab_overcrowded_high_co2,0,step,780,27.8,61,8,0.84,OFF,CLOSED
2026-06-17T16:00:50.051881+00:00,lab_overcrowded_high_co2,1,step,980,28.4,64,18,0.83,OFF,CLOSED
2026-06-17T16:00:52.054983+00:00,lab_overcrowded_high_co2,2,step,1280,29.6,67,28,0.82,OFF,CLOSED
2026-06-17T16:00:54.058582+00:00,lab_overcrowded_high_co2,3,step,1680,31.4,72,38,0.82,OFF,CLOSED
2026-06-17T16:00:56.061787+00:00,lab_overcrowded_high_co2,4,step,2100,33.0,76,40,0.8,OFF,CLOSED
2026-06-17T16:00:58.065112+00:00,lab_overcrowded_high_co2,0,step,780,27.8,61,8,0.84,OFF,CLOSED
2026-06-17T16:01:00.067758+00:00,lab_overcrowded_high_co2,1,step,980,28.4,64,18,0.83,OFF,CLOSED
2026-06-17T16:01:02.071283+00:00,lab_overcrowded_high_co2,2,step,1280,29.6,67,28,0.82,OFF,CLOSED
2026-06-17T16:01:04.074499+00:00,lab_overcrowded_high_co2,3,step,1680,31.4,72,38,0.82,OFF,CLOSED
2026-06-17T16:01:06.077555+00:00,lab_overcrowded_high_co2,4,step,2100,33.0,76,40,0.8,OFF,CLOSED
2026-06-17T16:01:08.080269+00:00,lab_overcrowded_high_co2,0,step,780,27.8,61,8,0.84,OFF,CLOSED
2026-06-17T16:01:10.089067+00:00,lab_overcrowded_high_co2,1,step,980,28.4,64,18,0.83,OFF,CLOSED
2026-06-17T16:01:12.093095+00:00,lab_overcrowded_high_co2,2,step,1280,29.6,67,28,0.82,OFF,CLOSED
2026-06-17T16:01:14.095663+00:00,lab_overcrowded_high_co2,3,step,1680,31.4,72,38,0.82,OFF,CLOSED
2026-06-17T16:01:16.098685+00:00,lab_overcrowded_high_co2,4,step,2100,33.0,76,40,0.8,OFF,CLOSED
2026-06-17T16:01:18.102063+00:00,lab_overcrowded_high_co2,0,step,780,27.8,61,8,0.84,OFF,CLOSED
2026-06-17T16:01:20.105408+00:00,lab_overcrowded_high_co2,1,step,980,28.4,64,18,0.83,OFF,CLOSED
2026-06-17T16:01:22.108712+00:00,lab_overcrowded_high_co2,2,step,1280,29.6,67,28,0.82,OFF,CLOSED
2026-06-17T16:01:24.112890+00:00,lab_overcrowded_high_co2,3,step,1680,31.4,72,38,0.82,OFF,CLOSED
2026-06-17T16:01:26.116044+00:00,lab_overcrowded_high_co2,4,step,2100,33.0,76,40,0.8,OFF,CLOSED
2026-06-17T16:01:28.119190+00:00,lab_overcrowded_high_co2,0,step,780,27.8,61,8,0.84,OFF,CLOSED
2026-06-17T16:01:30.128552+00:00,lab_overcrowded_high_co2,1,step,980,28.4,64,18,0.83,OFF,CLOSED
2026-06-17T16:01:32.132636+00:00,lab_overcrowded_high_co2,2,step,1280,29.6,67,28,0.82,OFF,CLOSED
2026-06-17T16:01:34.135756+00:00,lab_overcrowded_high_co2,3,step,1680,31.4,72,38,0.82,OFF,CLOSED
2026-06-17T16:01:36.139357+00:00,lab_overcrowded_high_co2,4,step,2100,33.0,76,40,0.8,OFF,CLOSED
2026-06-17T16:01:38.142872+00:00,lab_overcrowded_high_co2,0,step,780,27.8,61,8,0.84,OFF,CLOSED
2026-06-17T16:01:40.146616+00:00,lab_overcrowded_high_co2,1,step,980,28.4,64,18,0.83,OFF,CLOSED
2026-06-17T16:01:42.149631+00:00,lab_overcrowded_high_co2,2,step,1280,29.6,67,28,0.82,OFF,CLOSED
2026-06-17T16:01:44.153902+00:00,lab_overcrowded_high_co2,3,step,1680,31.4,72,38,0.82,OFF,CLOSED
2026-06-17T16:01:46.157461+00:00,lab_overcrowded_high_co2,4,step,2100,33.0,76,40,0.8,OFF,CLOSED
2026-06-17T16:01:48.165263+00:00,lab_overcrowded_high_co2,0,step,780,27.8,61,8,0.84,OFF,CLOSED
2026-06-17T16:01:50.169841+00:00,lab_overcrowded_high_co2,1,step,980,28.4,64,18,0.83,OFF,CLOSED
2026-06-17T16:01:52.175144+00:00,lab_overcrowded_high_co2,2,step,1280,29.6,67,28,0.82,OFF,CLOSED
2026-06-17T16:01:54.216887+00:00,lab_overcrowded_high_co2,3,step,1680,31.4,72,38,0.82,OFF,CLOSED
2026-06-17T16:01:56.221605+00:00,lab_overcrowded_high_co2,4,step,2100,33.0,76,40,0.8,OFF,CLOSED
2026-06-17T16:01:58.225707+00:00,lab_overcrowded_high_co2,0,step,780,27.8,61,8,0.84,OFF,CLOSED
2026-06-17T16:02:00.228925+00:00,lab_overcrowded_high_co2,1,step,980,28.4,64,18,0.83,OFF,CLOSED
2026-06-17T16:02:02.232047+00:00,lab_overcrowded_high_co2,2,step,1280,29.6,67,28,0.82,OFF,CLOSED
2026-06-17T16:02:04.236140+00:00,lab_overcrowded_high_co2,3,step,1680,31.4,72,38,0.82,OFF,CLOSED
2026-06-17T16:02:06.239142+00:00,lab_overcrowded_high_co2,4,step,2100,33.0,76,40,0.8,OFF,CLOSED
2026-06-17T16:02:08.242473+00:00,lab_overcrowded_high_co2,0,step,780,27.8,61,8,0.84,OFF,CLOSED
2026-06-17T16:02:10.246109+00:00,lab_overcrowded_high_co2,1,step,980,28.4,64,18,0.83,OFF,CLOSED
2026-06-17T16:02:12.250127+00:00,lab_overcrowded_high_co2,2,step,1280,29.6,67,28,0.82,OFF,CLOSED
2026-06-17T16:02:14.252284+00:00,lab_overcrowded_high_co2,3,step,1680,31.4,72,38,0.82,OFF,CLOSED
2026-06-17T16:02:16.254103+00:00,lab_overcrowded_high_co2,4,step,2100,33.0,76,40,0.8,OFF,CLOSED
2026-06-17T16:02:18.259315+00:00,lab_overcrowded_high_co2,0,step,780,27.8,61,8,0.84,OFF,CLOSED
2026-06-17T16:02:20.263070+00:00,lab_overcrowded_high_co2,1,step,980,28.4,64,18,0.83,OFF,CLOSED
2026-06-17T16:02:22.265899+00:00,lab_overcrowded_high_co2,2,step,1280,29.6,67,28,0.82,OFF,CLOSED
2026-06-17T16:02:24.268950+00:00,lab_overcrowded_high_co2,3,step,1680,31.4,72,38,0.82,OFF,CLOSED
2026-06-17T16:02:26.272700+00:00,lab_overcrowded_high_co2,4,step,2100,33.0,76,40,0.8,OFF,CLOSED
2026-06-17T16:02:28.275607+00:00,lab_overcrowded_high_co2,0,step,780,27.8,61,8,0.84,OFF,CLOSED
2026-06-17T16:02:30.278515+00:00,lab_overcrowded_high_co2,1,step,980,28.4,64,18,0.83,OFF,CLOSED
2026-06-17T16:02:32.281320+00:00,lab_overcrowded_high_co2,2,step,1280,29.6,67,28,0.82,OFF,CLOSED
2026-06-17T16:02:34.285231+00:00,lab_overcrowded_high_co2,3,step,1680,31.4,72,38,0.82,OFF,CLOSED
2026-06-17T16:02:36.289185+00:00,lab_overcrowded_high_co2,4,step,2100,33.0,76,40,0.8,OFF,CLOSED
2026-06-17T16:02:38.292276+00:00,lab_overcrowded_high_co2,0,step,780,27.8,61,8,0.84,OFF,CLOSED
2026-06-17T16:02:40.296354+00:00,lab_overcrowded_high_co2,1,step,980,28.4,64,18,0.83,OFF,CLOSED
2026-06-17T16:02:42.300203+00:00,lab_overcrowded_high_co2,2,step,1280,29.6,67,28,0.82,OFF,CLOSED
2026-06-17T16:02:44.302760+00:00,lab_overcrowded_high_co2,3,step,1680,31.4,72,38,0.82,OFF,CLOSED
2026-06-17T16:02:46.306288+00:00,lab_overcrowded_high_co2,4,step,2100,33.0,76,40,0.8,OFF,CLOSED
2026-06-17T16:02:48.309790+00:00,lab_overcrowded_high_co2,0,step,780,27.8,61,8,0.84,OFF,CLOSED
2026-06-17T16:02:50.312932+00:00,lab_overcrowded_high_co2,1,step,980,28.4,64,18,0.83,OFF,CLOSED
2026-06-17T16:02:52.315998+00:00,lab_overcrowded_high_co2,2,step,1280,29.6,67,28,0.82,OFF,CLOSED
2026-06-17T16:02:54.318605+00:00,lab_overcrowded_high_co2,3,step,1680,31.4,72,38,0.82,OFF,CLOSED
2026-06-17T16:02:56.322111+00:00,lab_overcrowded_high_co2,4,step,2100,33.0,76,40,0.8,OFF,CLOSED
2026-06-17T16:02:58.325176+00:00,lab_overcrowded_high_co2,0,step,780,27.8,61,8,0.84,OFF,CLOSED
2026-06-17T16:03:00.328909+00:00,lab_overcrowded_high_co2,1,step,980,28.4,64,18,0.83,OFF,CLOSED
2026-06-17T16:03:02.332653+00:00,lab_overcrowded_high_co2,2,step,1280,29.6,67,28,0.82,OFF,CLOSED
2026-06-17T16:03:04.336296+00:00,lab_overcrowded_high_co2,3,step,1680,31.4,72,38,0.82,OFF,CLOSED
2026-06-17T16:03:06.339608+00:00,lab_overcrowded_high_co2,4,step,2100,33.0,76,40,0.8,OFF,CLOSED
2026-06-17T16:03:08.342927+00:00,lab_overcrowded_high_co2,0,step,780,27.8,61,8,0.84,OFF,CLOSED
2026-06-17T16:03:10.345990+00:00,lab_overcrowded_high_co2,1,step,980,28.4,64,18,0.83,OFF,CLOSED
2026-06-17T16:03:12.349363+00:00,lab_overcrowded_high_co2,2,step,1280,29.6,67,28,0.82,OFF,CLOSED
2026-06-17T16:03:14.352973+00:00,lab_overcrowded_high_co2,3,step,1680,31.4,72,38,0.82,OFF,CLOSED
2026-06-17T16:03:16.356552+00:00,lab_overcrowded_high_co2,4,step,2100,33.0,76,40,0.8,OFF,CLOSED
2026-06-17T16:03:18.360296+00:00,lab_overcrowded_high_co2,0,step,780,27.8,61,8,0.84,OFF,CLOSED
2026-06-17T16:03:20.364151+00:00,lab_overcrowded_high_co2,1,step,980,28.4,64,18,0.83,OFF,CLOSED
2026-06-17T16:03:22.368361+00:00,lab_overcrowded_high_co2,2,step,1280,29.6,67,28,0.82,OFF,CLOSED
2026-06-17T16:03:24.376719+00:00,lab_overcrowded_high_co2,3,step,1680,31.4,72,38,0.82,OFF,CLOSED
2026-06-17T16:03:26.380646+00:00,lab_overcrowded_high_co2,4,step,2100,33.0,76,40,0.8,OFF,CLOSED
2026-06-17T16:03:28.384199+00:00,lab_overcrowded_high_co2,0,step,780,27.8,61,8,0.84,OFF,CLOSED
2026-06-17T16:03:30.387409+00:00,lab_overcrowded_high_co2,1,step,980,28.4,64,18,0.83,OFF,CLOSED
2026-06-17T16:03:32.391231+00:00,lab_overcrowded_high_co2,2,step,1280,29.6,67,28,0.82,OFF,CLOSED
2026-06-17T16:03:34.394722+00:00,lab_overcrowded_high_co2,3,step,1680,31.4,72,38,0.82,OFF,CLOSED
2026-06-17T16:03:36.397963+00:00,lab_overcrowded_high_co2,4,step,2100,33.0,76,40,0.8,OFF,CLOSED
2026-06-17T16:03:38.401023+00:00,lab_overcrowded_high_co2,0,step,780,27.8,61,8,0.84,OFF,CLOSED
2026-06-17T16:03:40.404371+00:00,lab_overcrowded_high_co2,1,step,980,28.4,64,18,0.83,OFF,CLOSED
2026-06-17T16:03:42.407309+00:00,lab_overcrowded_high_co2,2,step,1280,29.6,67,28,0.82,OFF,CLOSED
2026-06-17T16:03:44.411754+00:00,lab_overcrowded_high_co2,3,step,1680,31.4,72,38,0.82,OFF,CLOSED
2026-06-17T16:03:46.414616+00:00,lab_overcrowded_high_co2,4,step,2100,33.0,76,40,0.8,OFF,CLOSED
2026-06-17T16:03:48.418416+00:00,lab_overcrowded_high_co2,0,step,780,27.8,61,8,0.84,OFF,CLOSED
2026-06-17T16:03:50.421699+00:00,lab_overcrowded_high_co2,1,step,980,28.4,64,18,0.83,OFF,CLOSED
2026-06-17T16:03:52.424930+00:00,lab_overcrowded_high_co2,2,step,1280,29.6,67,28,0.82,OFF,CLOSED
2026-06-17T16:03:54.427733+00:00,lab_overcrowded_high_co2,3,step,1680,31.4,72,38,0.82,OFF,CLOSED
2026-06-17T16:03:56.430291+00:00,lab_overcrowded_high_co2,4,step,2100,33.0,76,40,0.8,OFF,CLOSED
2026-06-17T16:03:58.434798+00:00,lab_overcrowded_high_co2,0,step,780,27.8,61,8,0.84,OFF,CLOSED
2026-06-17T16:04:00.438778+00:00,lab_overcrowded_high_co2,1,step,980,28.4,64,18,0.83,OFF,CLOSED
2026-06-17T16:04:02.442006+00:00,lab_overcrowded_high_co2,2,step,1280,29.6,67,28,0.82,OFF,CLOSED
2026-06-17T16:04:04.445887+00:00,lab_overcrowded_high_co2,3,step,1680,31.4,72,38,0.82,OFF,CLOSED
2026-06-17T16:04:06.449137+00:00,lab_overcrowded_high_co2,4,step,2100,33.0,76,40,0.8,OFF,CLOSED
2026-06-17T16:04:08.452060+00:00,lab_overcrowded_high_co2,0,step,780,27.8,61,8,0.84,OFF,CLOSED
2026-06-17T16:04:10.455024+00:00,lab_overcrowded_high_co2,1,step,980,28.4,64,18,0.83,OFF,CLOSED
2026-06-17T16:04:12.457907+00:00,lab_overcrowded_high_co2,2,step,1280,29.6,67,28,0.82,OFF,CLOSED
2026-06-17T16:04:14.460626+00:00,lab_overcrowded_high_co2,3,step,1680,31.4,72,38,0.82,OFF,CLOSED
2026-06-17T16:04:16.464484+00:00,lab_overcrowded_high_co2,4,step,2100,33.0,76,40,0.8,OFF,CLOSED
2026-06-17T16:04:18.468501+00:00,lab_overcrowded_high_co2,0,step,780,27.8,61,8,0.84,OFF,CLOSED
2026-06-17T16:04:20.472213+00:00,lab_overcrowded_high_co2,1,step,980,28.4,64,18,0.83,OFF,CLOSED
2026-06-17T16:04:22.475334+00:00,lab_overcrowded_high_co2,2,step,1280,29.6,67,28,0.82,OFF,CLOSED
2026-06-17T16:04:24.479165+00:00,lab_overcrowded_high_co2,3,step,1680,31.4,72,38,0.82,OFF,CLOSED
2026-06-17T16:04:26.481925+00:00,lab_overcrowded_high_co2,4,step,2100,33.0,76,40,0.8,OFF,CLOSED
2026-06-17T16:04:28.489091+00:00,lab_overcrowded_high_co2,0,step,780,27.8,61,8,0.84,OFF,CLOSED
2026-06-17T16:04:30.492279+00:00,lab_overcrowded_high_co2,1,step,980,28.4,64,18,0.83,OFF,CLOSED
2026-06-17T16:04:32.495274+00:00,lab_overcrowded_high_co2,2,step,1280,29.6,67,28,0.82,OFF,CLOSED
2026-06-17T16:04:34.499138+00:00,lab_overcrowded_high_co2,3,step,1680,31.4,72,38,0.82,OFF,CLOSED
2026-06-17T16:04:36.501878+00:00,lab_overcrowded_high_co2,4,step,2100,33.0,76,40,0.8,OFF,CLOSED
2026-06-17T16:04:38.505120+00:00,lab_overcrowded_high_co2,0,step,780,27.8,61,8,0.84,OFF,CLOSED
2026-06-17T16:04:40.508207+00:00,lab_overcrowded_high_co2,1,step,980,28.4,64,18,0.83,OFF,CLOSED
2026-06-17T16:04:42.511768+00:00,lab_overcrowded_high_co2,2,step,1280,29.6,67,28,0.82,OFF,CLOSED
2026-06-17T16:04:44.515312+00:00,lab_overcrowded_high_co2,3,step,1680,31.4,72,38,0.82,OFF,CLOSED
2026-06-17T16:04:46.518487+00:00,lab_overcrowded_high_co2,4,step,2100,33.0,76,40,0.8,OFF,CLOSED
2026-06-17T16:04:48.521647+00:00,lab_overcrowded_high_co2,0,step,780,27.8,61,8,0.84,OFF,CLOSED
2026-06-17T16:04:50.525110+00:00,lab_overcrowded_high_co2,1,step,980,28.4,64,18,0.83,OFF,CLOSED
2026-06-17T16:04:52.528353+00:00,lab_overcrowded_high_co2,2,step,1280,29.6,67,28,0.82,OFF,CLOSED
2026-06-17T16:04:54.531477+00:00,lab_overcrowded_high_co2,3,step,1680,31.4,72,38,0.82,OFF,CLOSED
2026-06-17T16:04:56.535357+00:00,lab_overcrowded_high_co2,4,step,2100,33.0,76,40,0.8,OFF,CLOSED
2026-06-17T16:04:58.540302+00:00,lab_overcrowded_high_co2,0,step,780,27.8,61,8,0.84,OFF,CLOSED
2026-06-17T16:05:00.544797+00:00,lab_overcrowded_high_co2,1,step,980,28.4,64,18,0.83,OFF,CLOSED
2026-06-17T16:05:02.547927+00:00,lab_overcrowded_high_co2,2,step,1280,29.6,67,28,0.82,OFF,CLOSED
2026-06-17T16:05:04.551531+00:00,lab_overcrowded_high_co2,3,step,1680,31.4,72,38,0.82,OFF,CLOSED
2026-06-17T16:05:06.554908+00:00,lab_overcrowded_high_co2,4,step,2100,33.0,76,40,0.8,OFF,CLOSED
2026-06-17T16:05:08.557570+00:00,lab_overcrowded_high_co2,0,step,780,27.8,61,8,0.84,OFF,CLOSED
2026-06-17T16:05:10.561867+00:00,lab_overcrowded_high_co2,1,step,980,28.4,64,18,0.83,OFF,CLOSED
2026-06-17T16:05:12.566588+00:00,lab_overcrowded_high_co2,2,step,1280,29.6,67,28,0.82,OFF,CLOSED
2026-06-17T16:05:14.570444+00:00,lab_overcrowded_high_co2,3,step,1680,31.4,72,38,0.82,OFF,CLOSED
2026-06-17T16:05:16.573811+00:00,lab_overcrowded_high_co2,4,step,2100,33.0,76,40,0.8,OFF,CLOSED
2026-06-17T16:05:18.576830+00:00,lab_overcrowded_high_co2,0,step,780,27.8,61,8,0.84,OFF,CLOSED
2026-06-17T16:05:20.578844+00:00,lab_overcrowded_high_co2,1,step,980,28.4,64,18,0.83,OFF,CLOSED
2026-06-17T16:05:22.583199+00:00,lab_overcrowded_high_co2,2,step,1280,29.6,67,28,0.82,OFF,CLOSED
2026-06-17T16:05:24.587102+00:00,lab_overcrowded_high_co2,3,step,1680,31.4,72,38,0.82,OFF,CLOSED
2026-06-17T16:05:26.590099+00:00,lab_overcrowded_high_co2,4,step,2100,33.0,76,40,0.8,OFF,CLOSED
2026-06-17T16:05:28.594036+00:00,lab_overcrowded_high_co2,0,step,780,27.8,61,8,0.84,OFF,CLOSED
2026-06-17T16:05:30.597498+00:00,lab_overcrowded_high_co2,1,step,980,28.4,64,18,0.83,OFF,CLOSED
2026-06-17T16:05:32.599958+00:00,lab_overcrowded_high_co2,2,step,1280,29.6,67,28,0.82,OFF,CLOSED
2026-06-17T16:05:34.602977+00:00,lab_overcrowded_high_co2,3,step,1680,31.4,72,38,0.82,OFF,CLOSED
2026-06-17T16:05:36.606351+00:00,lab_overcrowded_high_co2,4,step,2100,33.0,76,40,0.8,OFF,CLOSED
2026-06-17T16:05:38.609061+00:00,lab_overcrowded_high_co2,0,step,780,27.8,61,8,0.84,OFF,CLOSED
2026-06-17T16:05:40.612696+00:00,lab_overcrowded_high_co2,1,step,980,28.4,64,18,0.83,OFF,CLOSED
2026-06-17T16:05:42.615525+00:00,lab_overcrowded_high_co2,2,step,1280,29.6,67,28,0.82,OFF,CLOSED
2026-06-17T16:05:44.619180+00:00,lab_overcrowded_high_co2,3,step,1680,31.4,72,38,0.82,OFF,CLOSED
2026-06-17T16:05:46.622157+00:00,lab_overcrowded_high_co2,4,step,2100,33.0,76,40,0.8,OFF,CLOSED
2026-06-17T16:05:48.624740+00:00,lab_overcrowded_high_co2,0,step,780,27.8,61,8,0.84,OFF,CLOSED
2026-06-17T16:05:50.628825+00:00,lab_overcrowded_high_co2,1,step,980,28.4,64,18,0.83,OFF,CLOSED
2026-06-17T16:05:52.631973+00:00,lab_overcrowded_high_co2,2,step,1280,29.6,67,28,0.82,OFF,CLOSED
2026-06-17T16:05:54.637415+00:00,lab_overcrowded_high_co2,3,step,1680,31.4,72,38,0.82,OFF,CLOSED
2026-06-17T16:05:56.640618+00:00,lab_overcrowded_high_co2,4,step,2100,33.0,76,40,0.8,OFF,CLOSED
2026-06-17T16:05:58.643630+00:00,lab_overcrowded_high_co2,0,step,780,27.8,61,8,0.84,OFF,CLOSED
2026-06-17T16:06:00.648392+00:00,lab_overcrowded_high_co2,1,step,980,28.4,64,18,0.83,OFF,CLOSED
2026-06-17T16:06:02.654852+00:00,lab_overcrowded_high_co2,2,step,1280,29.6,67,28,0.82,OFF,CLOSED
2026-06-17T16:06:04.656768+00:00,lab_overcrowded_high_co2,3,step,1680,31.4,72,38,0.82,OFF,CLOSED
2026-06-17T16:06:06.660858+00:00,lab_overcrowded_high_co2,4,step,2100,33.0,76,40,0.8,OFF,CLOSED
2026-06-17T16:06:08.663545+00:00,lab_overcrowded_high_co2,0,step,780,27.8,61,8,0.84,OFF,CLOSED
2026-06-17T16:06:10.667012+00:00,lab_overcrowded_high_co2,1,step,980,28.4,64,18,0.83,OFF,CLOSED
2026-06-17T16:06:12.669983+00:00,lab_overcrowded_high_co2,2,step,1280,29.6,67,28,0.82,OFF,CLOSED
2026-06-17T16:06:14.673103+00:00,lab_overcrowded_high_co2,3,step,1680,31.4,72,38,0.82,OFF,CLOSED
2026-06-17T16:06:16.677013+00:00,lab_overcrowded_high_co2,4,step,2100,33.0,76,40,0.8,OFF,CLOSED
2026-06-17T16:06:18.680486+00:00,lab_overcrowded_high_co2,0,step,780,27.8,61,8,0.84,OFF,CLOSED
2026-06-17T16:06:20.684564+00:00,lab_overcrowded_high_co2,1,step,980,28.4,64,18,0.83,OFF,CLOSED
2026-06-17T16:06:22.687511+00:00,lab_overcrowded_high_co2,2,step,1280,29.6,67,28,0.82,OFF,CLOSED
2026-06-17T16:06:24.690180+00:00,lab_overcrowded_high_co2,3,step,1680,31.4,72,38,0.82,OFF,CLOSED
2026-06-17T16:06:26.693983+00:00,lab_overcrowded_high_co2,4,step,2100,33.0,76,40,0.8,OFF,CLOSED
2026-06-17T16:06:28.697349+00:00,lab_overcrowded_high_co2,0,step,780,27.8,61,8,0.84,OFF,CLOSED
2026-06-17T16:06:30.700370+00:00,lab_overcrowded_high_co2,1,step,980,28.4,64,18,0.83,OFF,CLOSED
2026-06-17T16:06:32.703410+00:00,lab_overcrowded_high_co2,2,step,1280,29.6,67,28,0.82,OFF,CLOSED
2026-06-17T16:06:34.705588+00:00,lab_overcrowded_high_co2,3,step,1680,31.4,72,38,0.82,OFF,CLOSED
2026-06-17T16:06:36.708026+00:00,lab_overcrowded_high_co2,4,step,2100,33.0,76,40,0.8,OFF,CLOSED
2026-06-17T16:06:38.711753+00:00,lab_overcrowded_high_co2,0,step,780,27.8,61,8,0.84,OFF,CLOSED
2026-06-17T16:06:40.714786+00:00,lab_overcrowded_high_co2,1,step,980,28.4,64,18,0.83,OFF,CLOSED
2026-06-17T16:06:42.718303+00:00,lab_overcrowded_high_co2,2,step,1280,29.6,67,28,0.82,OFF,CLOSED
2026-06-17T16:06:44.721312+00:00,lab_overcrowded_high_co2,3,step,1680,31.4,72,38,0.82,OFF,CLOSED
2026-06-17T16:06:46.726197+00:00,lab_overcrowded_high_co2,4,step,2100,33.0,76,40,0.8,OFF,CLOSED
2026-06-17T16:06:48.729304+00:00,lab_overcrowded_high_co2,0,step,780,27.8,61,8,0.84,OFF,CLOSED
2026-06-17T16:06:50.732243+00:00,lab_overcrowded_high_co2,1,step,980,28.4,64,18,0.83,OFF,CLOSED
2026-06-17T16:06:52.735159+00:00,lab_overcrowded_high_co2,2,step,1280,29.6,67,28,0.82,OFF,CLOSED
2026-06-17T16:06:54.738661+00:00,lab_overcrowded_high_co2,3,step,1680,31.4,72,38,0.82,OFF,CLOSED
2026-06-17T16:06:56.741339+00:00,lab_overcrowded_high_co2,4,step,2100,33.0,76,40,0.8,OFF,CLOSED
2026-06-17T16:06:58.744000+00:00,lab_overcrowded_high_co2,0,step,780,27.8,61,8,0.84,OFF,CLOSED
2026-06-17T16:07:00.748226+00:00,lab_overcrowded_high_co2,1,step,980,28.4,64,18,0.83,OFF,CLOSED
2026-06-17T16:07:02.751777+00:00,lab_overcrowded_high_co2,2,step,1280,29.6,67,28,0.82,OFF,CLOSED
2026-06-17T16:07:04.755317+00:00,lab_overcrowded_high_co2,3,step,1680,31.4,72,38,0.82,OFF,CLOSED
2026-06-17T16:07:06.758623+00:00,lab_overcrowded_high_co2,4,step,2100,33.0,76,40,0.8,OFF,CLOSED
2026-06-17T16:07:08.761939+00:00,lab_overcrowded_high_co2,0,step,780,27.8,61,8,0.84,OFF,CLOSED
2026-06-17T16:07:10.765150+00:00,lab_overcrowded_high_co2,1,step,980,28.4,64,18,0.83,OFF,CLOSED
2026-06-17T16:07:12.767929+00:00,lab_overcrowded_high_co2,2,step,1280,29.6,67,28,0.82,OFF,CLOSED
2026-06-17T16:07:14.770445+00:00,lab_overcrowded_high_co2,3,step,1680,31.4,72,38,0.82,OFF,CLOSED
2026-06-17T16:07:16.774406+00:00,lab_overcrowded_high_co2,4,step,2100,33.0,76,40,0.8,OFF,CLOSED
2026-06-17T16:07:18.777583+00:00,lab_overcrowded_high_co2,0,step,780,27.8,61,8,0.84,OFF,CLOSED
2026-06-17T16:07:20.780911+00:00,lab_overcrowded_high_co2,1,step,980,28.4,64,18,0.83,OFF,CLOSED
2026-06-17T16:07:22.783636+00:00,lab_overcrowded_high_co2,2,step,1280,29.6,67,28,0.82,OFF,CLOSED
2026-06-17T16:07:24.787252+00:00,lab_overcrowded_high_co2,3,step,1680,31.4,72,38,0.82,OFF,CLOSED
2026-06-17T16:07:26.792166+00:00,lab_overcrowded_high_co2,4,step,2100,33.0,76,40,0.8,OFF,CLOSED
2026-06-17T16:07:28.793798+00:00,lab_overcrowded_high_co2,0,step,780,27.8,61,8,0.84,OFF,CLOSED
2026-06-17T16:07:30.796832+00:00,lab_overcrowded_high_co2,1,step,980,28.4,64,18,0.83,OFF,CLOSED
2026-06-17T16:07:32.799341+00:00,lab_overcrowded_high_co2,2,step,1280,29.6,67,28,0.82,OFF,CLOSED
2026-06-17T16:07:34.802555+00:00,lab_overcrowded_high_co2,3,step,1680,31.4,72,38,0.82,OFF,CLOSED
2026-06-17T16:07:36.805749+00:00,lab_overcrowded_high_co2,4,step,2100,33.0,76,40,0.8,OFF,CLOSED
2026-06-17T16:07:38.809412+00:00,lab_overcrowded_high_co2,0,step,780,27.8,61,8,0.84,OFF,CLOSED
2026-06-17T16:07:40.812038+00:00,lab_overcrowded_high_co2,1,step,980,28.4,64,18,0.83,OFF,CLOSED
2026-06-17T16:07:42.815534+00:00,lab_overcrowded_high_co2,2,step,1280,29.6,67,28,0.82,OFF,CLOSED
2026-06-17T16:07:44.819044+00:00,lab_overcrowded_high_co2,3,step,1680,31.4,72,38,0.82,OFF,CLOSED
2026-06-17T16:07:46.821009+00:00,lab_overcrowded_high_co2,4,step,2100,33.0,76,40,0.8,OFF,CLOSED
2026-06-17T16:07:48.824803+00:00,lab_overcrowded_high_co2,0,step,780,27.8,61,8,0.84,OFF,CLOSED
2026-06-17T16:07:50.827520+00:00,lab_overcrowded_high_co2,1,step,980,28.4,64,18,0.83,OFF,CLOSED
2026-06-17T16:07:52.830967+00:00,lab_overcrowded_high_co2,2,step,1280,29.6,67,28,0.82,OFF,CLOSED
2026-06-17T16:07:54.833658+00:00,lab_overcrowded_high_co2,3,step,1680,31.4,72,38,0.82,OFF,CLOSED
2026-06-17T16:07:56.869637+00:00,lab_overcrowded_high_co2,4,step,2100,33.0,76,40,0.8,OFF,CLOSED
2026-06-17T16:07:58.878628+00:00,lab_overcrowded_high_co2,0,step,780,27.8,61,8,0.84,OFF,CLOSED
2026-06-17T16:08:00.883695+00:00,lab_overcrowded_high_co2,1,step,980,28.4,64,18,0.83,OFF,CLOSED
2026-06-17T16:08:02.887913+00:00,lab_overcrowded_high_co2,2,step,1280,29.6,67,28,0.82,OFF,CLOSED
2026-06-17T16:08:04.890966+00:00,lab_overcrowded_high_co2,3,step,1680,31.4,72,38,0.82,OFF,CLOSED
2026-06-17T16:08:06.894455+00:00,lab_overcrowded_high_co2,4,step,2100,33.0,76,40,0.8,OFF,CLOSED
2026-06-17T16:08:08.897864+00:00,lab_overcrowded_high_co2,0,step,780,27.8,61,8,0.84,OFF,CLOSED
2026-06-17T16:08:10.905469+00:00,lab_overcrowded_high_co2,1,step,980,28.4,64,18,0.83,OFF,CLOSED
2026-06-17T16:08:12.909114+00:00,lab_overcrowded_high_co2,2,step,1280,29.6,67,28,0.82,OFF,CLOSED
2026-06-17T16:08:14.912779+00:00,lab_overcrowded_high_co2,3,step,1680,31.4,72,38,0.82,OFF,CLOSED
2026-06-17T16:08:16.916678+00:00,lab_overcrowded_high_co2,4,step,2100,33.0,76,40,0.8,OFF,CLOSED
2026-06-17T16:08:18.921369+00:00,lab_overcrowded_high_co2,0,step,780,27.8,61,8,0.84,OFF,CLOSED
2026-06-17T16:08:20.924602+00:00,lab_overcrowded_high_co2,1,step,980,28.4,64,18,0.83,OFF,CLOSED
2026-06-17T16:08:22.931061+00:00,lab_overcrowded_high_co2,2,step,1280,29.6,67,28,0.82,OFF,CLOSED
2026-06-17T16:08:24.934614+00:00,lab_overcrowded_high_co2,3,step,1680,31.4,72,38,0.82,OFF,CLOSED
2026-06-17T16:08:26.938298+00:00,lab_overcrowded_high_co2,4,step,2100,33.0,76,40,0.8,OFF,CLOSED
2026-06-17T16:08:28.940769+00:00,lab_overcrowded_high_co2,0,step,780,27.8,61,8,0.84,OFF,CLOSED
2026-06-17T16:08:30.988314+00:00,lab_overcrowded_high_co2,1,step,980,28.4,64,18,0.83,OFF,CLOSED
2026-06-17T16:08:32.992972+00:00,lab_overcrowded_high_co2,2,step,1280,29.6,67,28,0.82,OFF,CLOSED
2026-06-17T16:08:34.996173+00:00,lab_overcrowded_high_co2,3,step,1680,31.4,72,38,0.82,OFF,CLOSED
2026-06-17T16:08:37.001309+00:00,lab_overcrowded_high_co2,4,step,2100,33.0,76,40,0.8,OFF,CLOSED
2026-06-17T16:08:39.789426+00:00,lab_overcrowded_high_co2,0,step,780,27.8,61,8,0.84,OFF,CLOSED
2026-06-17T16:08:41.793038+00:00,lab_overcrowded_high_co2,1,step,980,28.4,64,18,0.83,OFF,CLOSED
2026-06-17T16:08:43.796595+00:00,lab_overcrowded_high_co2,2,step,1280,29.6,67,28,0.82,OFF,CLOSED
2026-06-17T16:08:45.800420+00:00,lab_overcrowded_high_co2,3,step,1680,31.4,72,38,0.82,OFF,CLOSED
2026-06-17T16:08:47.803516+00:00,lab_overcrowded_high_co2,4,step,2100,33.0,76,40,0.8,OFF,CLOSED
2026-06-17T16:08:49.807209+00:00,lab_overcrowded_high_co2,0,step,780,27.8,61,8,0.84,OFF,CLOSED
2026-06-17T16:08:51.882848+00:00,lab_overcrowded_high_co2,1,step,980,28.4,64,18,0.83,OFF,CLOSED
2026-06-17T16:08:53.885487+00:00,lab_overcrowded_high_co2,2,step,1280,29.6,67,28,0.82,OFF,CLOSED
2026-06-17T16:08:55.888667+00:00,lab_overcrowded_high_co2,3,step,1680,31.4,72,38,0.82,OFF,CLOSED
2026-06-17T16:08:57.892101+00:00,lab_overcrowded_high_co2,4,step,2100,33.0,76,40,0.8,OFF,CLOSED
2026-06-17T16:08:59.896078+00:00,lab_overcrowded_high_co2,0,step,780,27.8,61,8,0.84,OFF,CLOSED
2026-06-17T16:09:01.899175+00:00,lab_overcrowded_high_co2,1,step,980,28.4,64,18,0.83,OFF,CLOSED
2026-06-17T16:09:03.903217+00:00,lab_overcrowded_high_co2,2,step,1280,29.6,67,28,0.82,OFF,CLOSED
2026-06-17T16:09:05.906718+00:00,lab_overcrowded_high_co2,3,step,1680,31.4,72,38,0.82,OFF,CLOSED
2026-06-17T16:09:07.910391+00:00,lab_overcrowded_high_co2,4,step,2100,33.0,76,40,0.8,OFF,CLOSED
2026-06-17T16:09:09.959499+00:00,lab_overcrowded_high_co2,0,step,780,27.8,61,8,0.84,OFF,CLOSED
2026-06-17T16:09:11.963465+00:00,lab_overcrowded_high_co2,1,step,980,28.4,64,18,0.83,OFF,CLOSED
2026-06-17T16:09:13.966352+00:00,lab_overcrowded_high_co2,2,step,1280,29.6,67,28,0.82,OFF,CLOSED
2026-06-17T16:09:15.969261+00:00,lab_overcrowded_high_co2,3,step,1680,31.4,72,38,0.82,OFF,CLOSED
2026-06-17T16:09:18.054661+00:00,lab_overcrowded_high_co2,4,step,2100,33.0,76,40,0.8,OFF,CLOSED
2026-06-17T16:09:20.057577+00:00,lab_overcrowded_high_co2,0,step,780,27.8,61,8,0.84,OFF,CLOSED
2026-06-17T16:09:22.060980+00:00,lab_overcrowded_high_co2,1,step,980,28.4,64,18,0.83,OFF,CLOSED
2026-06-17T16:09:24.068388+00:00,lab_overcrowded_high_co2,2,step,1280,29.6,67,28,0.82,OFF,CLOSED
2026-06-17T16:09:26.070505+00:00,lab_overcrowded_high_co2,3,step,1680,31.4,72,38,0.82,OFF,CLOSED
2026-06-17T16:09:28.074429+00:00,lab_overcrowded_high_co2,4,step,2100,33.0,76,40,0.8,OFF,CLOSED
2026-06-17T16:09:30.083570+00:00,lab_overcrowded_high_co2,0,step,780,27.8,61,8,0.84,OFF,CLOSED
2026-06-17T16:09:32.088537+00:00,lab_overcrowded_high_co2,1,step,980,28.4,64,18,0.83,OFF,CLOSED
2026-06-17T16:09:34.092576+00:00,lab_overcrowded_high_co2,2,step,1280,29.6,67,28,0.82,OFF,CLOSED
2026-06-17T16:09:36.097279+00:00,lab_overcrowded_high_co2,3,step,1680,31.4,72,38,0.82,OFF,CLOSED
2026-06-17T16:09:38.106591+00:00,lab_overcrowded_high_co2,4,step,2100,33.0,76,40,0.8,OFF,CLOSED
2026-06-17T16:09:40.109815+00:00,lab_overcrowded_high_co2,0,step,780,27.8,61,8,0.84,OFF,CLOSED
2026-06-17T16:09:42.113727+00:00,lab_overcrowded_high_co2,1,step,980,28.4,64,18,0.83,OFF,CLOSED
2026-06-17T16:09:44.117477+00:00,lab_overcrowded_high_co2,2,step,1280,29.6,67,28,0.82,OFF,CLOSED
2026-06-17T16:09:46.121182+00:00,lab_overcrowded_high_co2,3,step,1680,31.4,72,38,0.82,OFF,CLOSED
2026-06-17T16:09:48.124475+00:00,lab_overcrowded_high_co2,4,step,2100,33.0,76,40,0.8,OFF,CLOSED
2026-06-17T16:09:50.127875+00:00,lab_overcrowded_high_co2,0,step,780,27.8,61,8,0.84,OFF,CLOSED
2026-06-17T16:09:52.131728+00:00,lab_overcrowded_high_co2,1,step,980,28.4,64,18,0.83,OFF,CLOSED
2026-06-17T16:09:54.142950+00:00,lab_overcrowded_high_co2,2,step,1280,29.6,67,28,0.82,OFF,CLOSED
2026-06-17T16:09:56.151067+00:00,lab_overcrowded_high_co2,3,step,1680,31.4,72,38,0.82,OFF,CLOSED
2026-06-17T16:09:58.161995+00:00,lab_overcrowded_high_co2,4,step,2100,33.0,76,40,0.8,OFF,CLOSED
2026-06-17T16:10:00.165964+00:00,lab_overcrowded_high_co2,0,step,780,27.8,61,8,0.84,OFF,CLOSED
2026-06-17T16:10:02.168322+00:00,lab_overcrowded_high_co2,1,step,980,28.4,64,18,0.83,OFF,CLOSED
2026-06-17T16:10:04.171032+00:00,lab_overcrowded_high_co2,2,step,1280,29.6,67,28,0.82,OFF,CLOSED
2026-06-17T16:10:06.175228+00:00,lab_overcrowded_high_co2,3,step,1680,31.4,72,38,0.82,OFF,CLOSED
2026-06-17T16:10:08.180132+00:00,lab_overcrowded_high_co2,4,step,2100,33.0,76,40,0.8,OFF,CLOSED
2026-06-17T16:10:10.182877+00:00,lab_overcrowded_high_co2,0,step,780,27.8,61,8,0.84,OFF,CLOSED
2026-06-17T16:10:12.185813+00:00,lab_overcrowded_high_co2,1,step,980,28.4,64,18,0.83,OFF,CLOSED
2026-06-17T16:10:14.189408+00:00,lab_overcrowded_high_co2,2,step,1280,29.6,67,28,0.82,OFF,CLOSED
2026-06-17T16:10:16.191399+00:00,lab_overcrowded_high_co2,3,step,1680,31.4,72,38,0.82,OFF,CLOSED
2026-06-17T16:10:18.193545+00:00,lab_overcrowded_high_co2,4,step,2100,33.0,76,40,0.8,OFF,CLOSED
2026-06-17T16:10:20.196529+00:00,lab_overcrowded_high_co2,0,step,780,27.8,61,8,0.84,OFF,CLOSED
2026-06-17T16:10:22.200310+00:00,lab_overcrowded_high_co2,1,step,980,28.4,64,18,0.83,OFF,CLOSED
2026-06-17T16:10:24.204066+00:00,lab_overcrowded_high_co2,2,step,1280,29.6,67,28,0.82,OFF,CLOSED
2026-06-17T16:10:26.207073+00:00,lab_overcrowded_high_co2,3,step,1680,31.4,72,38,0.82,OFF,CLOSED
2026-06-17T16:10:28.209839+00:00,lab_overcrowded_high_co2,4,step,2100,33.0,76,40,0.8,OFF,CLOSED
2026-06-17T16:10:30.212350+00:00,lab_overcrowded_high_co2,0,step,780,27.8,61,8,0.84,OFF,CLOSED
2026-06-17T16:10:32.214797+00:00,lab_overcrowded_high_co2,1,step,980,28.4,64,18,0.83,OFF,CLOSED
2026-06-17T16:10:34.218349+00:00,lab_overcrowded_high_co2,2,step,1280,29.6,67,28,0.82,OFF,CLOSED
2026-06-17T16:10:36.221502+00:00,lab_overcrowded_high_co2,3,step,1680,31.4,72,38,0.82,OFF,CLOSED
2026-06-17T16:10:38.224414+00:00,lab_overcrowded_high_co2,4,step,2100,33.0,76,40,0.8,OFF,CLOSED
2026-06-17T16:10:40.227741+00:00,lab_overcrowded_high_co2,0,step,780,27.8,61,8,0.84,OFF,CLOSED
2026-06-17T16:10:42.231327+00:00,lab_overcrowded_high_co2,1,step,980,28.4,64,18,0.83,OFF,CLOSED
2026-06-17T16:10:44.234645+00:00,lab_overcrowded_high_co2,2,step,1280,29.6,67,28,0.82,OFF,CLOSED
2026-06-17T16:10:46.237910+00:00,lab_overcrowded_high_co2,3,step,1680,31.4,72,38,0.82,OFF,CLOSED
2026-06-17T16:10:48.241123+00:00,lab_overcrowded_high_co2,4,step,2100,33.0,76,40,0.8,OFF,CLOSED
2026-06-17T16:10:50.243591+00:00,lab_overcrowded_high_co2,0,step,780,27.8,61,8,0.84,OFF,CLOSED
2026-06-17T16:10:52.246073+00:00,lab_overcrowded_high_co2,1,step,980,28.4,64,18,0.83,OFF,CLOSED
2026-06-17T16:10:54.249633+00:00,lab_overcrowded_high_co2,2,step,1280,29.6,67,28,0.82,OFF,CLOSED
2026-06-17T16:10:56.252712+00:00,lab_overcrowded_high_co2,3,step,1680,31.4,72,38,0.82,OFF,CLOSED
2026-06-17T16:10:58.255686+00:00,lab_overcrowded_high_co2,4,step,2100,33.0,76,40,0.8,OFF,CLOSED
2026-06-17T16:11:00.258242+00:00,lab_overcrowded_high_co2,0,step,780,27.8,61,8,0.84,OFF,CLOSED
2026-06-17T16:11:02.260876+00:00,lab_overcrowded_high_co2,1,step,980,28.4,64,18,0.83,OFF,CLOSED
2026-06-17T16:11:04.262467+00:00,lab_overcrowded_high_co2,2,step,1280,29.6,67,28,0.82,OFF,CLOSED
2026-06-17T16:11:06.266533+00:00,lab_overcrowded_high_co2,3,step,1680,31.4,72,38,0.82,OFF,CLOSED
2026-06-17T16:11:08.268584+00:00,lab_overcrowded_high_co2,4,step,2100,33.0,76,40,0.8,OFF,CLOSED
2026-06-17T16:11:10.271767+00:00,lab_overcrowded_high_co2,0,step,780,27.8,61,8,0.84,OFF,CLOSED
2026-06-17T16:11:12.276476+00:00,lab_overcrowded_high_co2,1,step,980,28.4,64,18,0.83,OFF,CLOSED
2026-06-17T16:11:14.279762+00:00,lab_overcrowded_high_co2,2,step,1280,29.6,67,28,0.82,OFF,CLOSED
2026-06-17T16:11:16.283176+00:00,lab_overcrowded_high_co2,3,step,1680,31.4,72,38,0.82,OFF,CLOSED
2026-06-17T16:11:18.287481+00:00,lab_overcrowded_high_co2,4,step,2100,33.0,76,40,0.8,OFF,CLOSED
2026-06-17T16:11:20.290715+00:00,lab_overcrowded_high_co2,0,step,780,27.8,61,8,0.84,OFF,CLOSED
2026-06-17T16:11:22.293648+00:00,lab_overcrowded_high_co2,1,step,980,28.4,64,18,0.83,OFF,CLOSED
2026-06-17T16:11:24.296704+00:00,lab_overcrowded_high_co2,2,step,1280,29.6,67,28,0.82,OFF,CLOSED
2026-06-17T16:11:26.299886+00:00,lab_overcrowded_high_co2,3,step,1680,31.4,72,38,0.82,OFF,CLOSED
2026-06-17T16:11:28.302036+00:00,lab_overcrowded_high_co2,4,step,2100,33.0,76,40,0.8,OFF,CLOSED
2026-06-17T16:11:30.305192+00:00,lab_overcrowded_high_co2,0,step,780,27.8,61,8,0.84,OFF,CLOSED
2026-06-17T16:11:32.307377+00:00,lab_overcrowded_high_co2,1,step,980,28.4,64,18,0.83,OFF,CLOSED
2026-06-17T16:11:34.310759+00:00,lab_overcrowded_high_co2,2,step,1280,29.6,67,28,0.82,OFF,CLOSED
2026-06-17T16:11:36.313390+00:00,lab_overcrowded_high_co2,3,step,1680,31.4,72,38,0.82,OFF,CLOSED
2026-06-17T16:11:38.316431+00:00,lab_overcrowded_high_co2,4,step,2100,33.0,76,40,0.8,OFF,CLOSED
2026-06-17T16:11:40.319524+00:00,lab_overcrowded_high_co2,0,step,780,27.8,61,8,0.84,OFF,CLOSED
2026-06-17T16:11:42.322672+00:00,lab_overcrowded_high_co2,1,step,980,28.4,64,18,0.83,OFF,CLOSED
2026-06-17T16:11:44.325440+00:00,lab_overcrowded_high_co2,2,step,1280,29.6,67,28,0.82,OFF,CLOSED
2026-06-17T16:11:46.328809+00:00,lab_overcrowded_high_co2,3,step,1680,31.4,72,38,0.82,OFF,CLOSED
2026-06-17T16:11:48.332114+00:00,lab_overcrowded_high_co2,4,step,2100,33.0,76,40,0.8,OFF,CLOSED
2026-06-17T16:11:50.334349+00:00,lab_overcrowded_high_co2,0,step,780,27.8,61,8,0.84,OFF,CLOSED
2026-06-17T16:11:52.335797+00:00,lab_overcrowded_high_co2,1,step,980,28.4,64,18,0.83,OFF,CLOSED
2026-06-17T16:11:54.338685+00:00,lab_overcrowded_high_co2,2,step,1280,29.6,67,28,0.82,OFF,CLOSED
2026-06-17T16:11:56.345809+00:00,lab_overcrowded_high_co2,3,step,1680,31.4,72,38,0.82,OFF,CLOSED
2026-06-17T16:11:58.348173+00:00,lab_overcrowded_high_co2,4,step,2100,33.0,76,40,0.8,OFF,CLOSED
2026-06-17T16:12:00.350225+00:00,lab_overcrowded_high_co2,0,step,780,27.8,61,8,0.84,OFF,CLOSED
2026-06-17T16:12:02.353731+00:00,lab_overcrowded_high_co2,1,step,980,28.4,64,18,0.83,OFF,CLOSED
2026-06-17T16:12:04.356650+00:00,lab_overcrowded_high_co2,2,step,1280,29.6,67,28,0.82,OFF,CLOSED
2026-06-17T16:12:06.359673+00:00,lab_overcrowded_high_co2,3,step,1680,31.4,72,38,0.82,OFF,CLOSED
2026-06-17T16:12:08.362268+00:00,lab_overcrowded_high_co2,4,step,2100,33.0,76,40,0.8,OFF,CLOSED
2026-06-17T16:12:10.365208+00:00,lab_overcrowded_high_co2,0,step,780,27.8,61,8,0.84,OFF,CLOSED
2026-06-17T16:12:12.368386+00:00,lab_overcrowded_high_co2,1,step,980,28.4,64,18,0.83,OFF,CLOSED
2026-06-17T16:12:14.371166+00:00,lab_overcrowded_high_co2,2,step,1280,29.6,67,28,0.82,OFF,CLOSED
2026-06-17T16:12:16.374347+00:00,lab_overcrowded_high_co2,3,step,1680,31.4,72,38,0.82,OFF,CLOSED
2026-06-17T16:12:18.377927+00:00,lab_overcrowded_high_co2,4,step,2100,33.0,76,40,0.8,OFF,CLOSED
2026-06-17T16:12:20.381480+00:00,lab_overcrowded_high_co2,0,step,780,27.8,61,8,0.84,OFF,CLOSED
2026-06-17T16:12:22.384892+00:00,lab_overcrowded_high_co2,1,step,980,28.4,64,18,0.83,OFF,CLOSED
2026-06-17T16:12:24.387929+00:00,lab_overcrowded_high_co2,2,step,1280,29.6,67,28,0.82,OFF,CLOSED
2026-06-17T16:12:26.391488+00:00,lab_overcrowded_high_co2,3,step,1680,31.4,72,38,0.82,OFF,CLOSED
2026-06-17T16:12:28.394230+00:00,lab_overcrowded_high_co2,4,step,2100,33.0,76,40,0.8,OFF,CLOSED
2026-06-17T16:12:30.397552+00:00,lab_overcrowded_high_co2,0,step,780,27.8,61,8,0.84,OFF,CLOSED
2026-06-17T16:12:32.399655+00:00,lab_overcrowded_high_co2,1,step,980,28.4,64,18,0.83,OFF,CLOSED
2026-06-17T16:32:32.011775+00:00,lab_overcrowded_high_co2,0,reset,780,27.8,61,8,0.84,OFF,CLOSED
2026-06-17T16:32:32.031513+00:00,lab_overcrowded_high_co2,1,step,980,28.4,64,18,0.83,OFF,CLOSED
2026-06-17T16:32:32.041963+00:00,lab_overcrowded_high_co2,1,manual_update,1850.0,28.4,64,35,0.82,OFF,CLOSED
2026-06-17T16:33:52.096604+00:00,lab_overcrowded_high_co2,0,reset,780,27.8,61,8,0.84,OFF,CLOSED
2026-06-17T16:35:03.258203+00:00,lab_overcrowded_high_co2,0,reset,780,27.8,61,8,0.84,OFF,CLOSED
2026-06-17T16:35:05.261367+00:00,lab_overcrowded_high_co2,1,step,980,28.4,64,18,0.83,OFF,CLOSED
2026-06-17T16:35:05.612405+00:00,lab_overcrowded_high_co2,0,reset,780,27.8,61,8,0.84,OFF,CLOSED
2026-06-17T16:35:07.266152+00:00,lab_overcrowded_high_co2,1,step,980,28.4,64,18,0.83,OFF,CLOSED
2026-06-17T16:35:09.270490+00:00,lab_overcrowded_high_co2,2,step,1280,29.6,67,28,0.82,OFF,CLOSED
2026-06-17T16:35:11.273311+00:00,lab_overcrowded_high_co2,3,step,1680,31.4,72,38,0.82,OFF,CLOSED
2026-06-17T16:35:13.275836+00:00,lab_overcrowded_high_co2,4,step,2100,33.0,76,40,0.8,OFF,CLOSED
2026-06-17T16:35:15.278228+00:00,lab_overcrowded_high_co2,0,step,780,27.8,61,8,0.84,OFF,CLOSED
2026-06-17T16:35:17.281706+00:00,lab_overcrowded_high_co2,1,step,980,28.4,64,18,0.83,OFF,CLOSED
2026-06-17T16:35:19.285163+00:00,lab_overcrowded_high_co2,2,step,1280,29.6,67,28,0.82,OFF,CLOSED
2026-06-17T16:35:21.288088+00:00,lab_overcrowded_high_co2,3,step,1680,31.4,72,38,0.82,OFF,CLOSED
2026-06-17T16:35:23.290598+00:00,lab_overcrowded_high_co2,4,step,2100,33.0,76,40,0.8,OFF,CLOSED
2026-06-17T16:35:25.293826+00:00,lab_overcrowded_high_co2,0,step,780,27.8,61,8,0.84,OFF,CLOSED
2026-06-17T16:35:27.297193+00:00,lab_overcrowded_high_co2,1,step,980,28.4,64,18,0.83,OFF,CLOSED
2026-06-17T16:35:29.300222+00:00,lab_overcrowded_high_co2,2,step,1280,29.6,67,28,0.82,OFF,CLOSED
2026-06-17T16:35:31.304167+00:00,lab_overcrowded_high_co2,3,step,1680,31.4,72,38,0.82,OFF,CLOSED
2026-06-17T16:35:33.306955+00:00,lab_overcrowded_high_co2,4,step,2100,33.0,76,40,0.8,OFF,CLOSED
2026-06-18T01:14:28.712858+00:00,lab_overcrowded_high_co2,0,reset,780,27.8,61,8,0.84,OFF,CLOSED
2026-06-18T01:14:28.734226+00:00,lab_overcrowded_high_co2,1,step,980,28.4,64,18,0.83,OFF,CLOSED
2026-06-18T01:14:28.747342+00:00,lab_overcrowded_high_co2,1,manual_update,1850.0,28.4,64,35,0.82,OFF,CLOSED
2026-06-18T01:14:55.600450+00:00,lab_overcrowded_high_co2,0,reset,780,27.8,61,8,0.84,OFF,CLOSED
2026-06-18T01:26:53.895601+00:00,lab_overcrowded_high_co2,0,reset,780,27.8,61,8,0.84,OFF,CLOSED
2026-06-18T01:42:10.445729+00:00,lab_overcrowded_high_co2,0,reset,780,27.8,61,8,0.84,OFF,CLOSED
2026-06-18T01:47:32.178847+00:00,lab_overcrowded_high_co2,0,manual_update,2500.0,35.0,80,40,0.84,OFF,CLOSED
2026-06-18T02:15:42.270738+00:00,lab_overcrowded_high_co2,0,reset,780,27.8,61,8,0.84,OFF,CLOSED
2026-06-18T02:21:51.985256+00:00,lab_overcrowded_high_co2,0,reset,780,27.8,61,8,0.84,OFF,CLOSED
2026-06-18T02:22:58.087739+00:00,lab_overcrowded_high_co2,0,manual_update,600.0,27.0,55,4,0.84,OFF,OPEN
2026-06-18T02:24:31.153823+00:00,lab_overcrowded_high_co2,0,manual_update,2500.0,35.0,80,40,0.84,OFF,CLOSED
2026-06-18T02:43:42.237617+00:00,lab_overcrowded_high_co2,0,reset,780,27.8,61,8,0.84,OFF,CLOSED
2026-06-18T02:49:44.719300+00:00,lab_overcrowded_high_co2,0,reset,780,27.8,61,8,0.84,OFF,CLOSED
2026-06-18T03:08:23.428045+00:00,lab_overcrowded_high_co2,0,reset,780,27.8,61,8,0.84,OFF,CLOSED
2026-06-18T03:08:47.804262+00:00,lab_overcrowded_high_co2,0,manual_update,780.0,27.8,61,8,0.84,OFF,CLOSED
2026-06-18T03:11:46.126519+00:00,lab_overcrowded_high_co2,0,manual_update,1680.0,29.0,71,13,0.84,OFF,CLOSED
2026-06-18T03:16:41.062419+00:00,lab_overcrowded_high_co2,0,reset,780,27.8,61,8,0.84,OFF,CLOSED
2026-06-18T03:22:54.052258+00:00,lab_overcrowded_high_co2,0,reset,780,27.8,61,8,0.84,OFF,CLOSED
2026-06-18T03:24:33.973340+00:00,lab_overcrowded_high_co2,0,manual_update,2500.0,35.0,80,40,0.84,OFF,CLOSED
